time,cart_pos,pend_pos,cart_vel,pend_vel,force
4.291534423828125000e-06,0.000000000000000000e+00,3.141592653589793116e+00,0.000000000000000000e+00,0.000000000000000000e+00,2.552690860334390788e-04
1.000308990478515625e-02,0.000000000000000000e+00,3.141592653589793116e+00,0.000000000000000000e+00,0.000000000000000000e+00,6.000336567007924504e-01
2.000164985656738281e-02,0.000000000000000000e+00,3.141592653589793116e+00,0.000000000000000000e+00,0.000000000000000000e+00,1.205513890296475266e+00
3.000140190124511719e-02,4.539062499999999369e-05,3.141592653589793116e+00,4.539175051261264658e-03,0.000000000000000000e+00,1.698184645115947466e+00
4.000449180603027344e-02,1.815624999999999748e-04,3.141592653589793116e+00,1.361298121841929450e-02,0.000000000000000000e+00,2.033981130646848268e+00
5.000209808349609375e-02,4.085156249999999161e-04,3.140058672801907313e+00,2.270074642882693311e-02,-1.534348068240424801e-01,2.359234624044075357e+00
6.000137329101562500e-02,7.716406249999998657e-04,3.136990711226136153e+00,3.631513209346685228e-02,-3.068183955437120414e-01,2.666761455430652905e+00
7.000112533569335938e-02,1.316328124999999790e-03,3.135456730438250350e+00,5.447010061513517937e-02,-1.534018824699006356e-01,2.994294023649584080e+00
8.000087738037109375e-02,2.019882812499999760e-03,3.132388768862479189e+00,7.035721329454960871e-02,-3.068037649397568623e-01,3.292205078408714680e+00
9.000110626220703125e-02,2.950390624999999455e-03,3.127786826498822226e+00,9.304865153538047218e-02,-4.601837035966015454e-01,3.563901028021535300e+00
1.000010967254638672e-01,4.107851562499999741e-03,3.121650903347279904e+00,1.157462041341821291e-01,-6.135929003220219613e-01,3.835505283619368377e+00
1.100010871887207031e-01,5.469570312499998956e-03,3.115514980195737138e+00,1.361720048637435621e-01,-6.135929003220663702e-01,4.093429595364183271e+00
1.200010776519775391e-01,7.103632812499999054e-03,3.107845076256309014e+00,1.634064058364923799e-01,-7.669911254025496561e-01,4.323226812219584936e+00
1.300010681152343750e-01,8.987343749999997938e-03,3.098641191528995087e+00,1.883712733948452733e-01,-9.203893504830773509e-01,4.548919987090549455e+00
1.400015354156494141e-01,1.118878906249999930e-02,3.089437306801681160e+00,2.201342443676244098e-01,-9.203454649496176643e-01,4.739160661967269483e+00
1.500012874603271484e-01,1.368527343749999757e-02,3.077165460498596072e+00,2.496546278193694235e-01,-1.227215059759071858e+00,4.900757128775200755e+00
1.600015163421630859e-01,1.652218749999999695e-02,3.064893614195510985e+00,2.836849132176234578e-01,-1.227156542924256133e+00,5.059694197428679097e+00
1.700010299682617188e-01,1.967683593749999793e-02,3.051087787104540094e+00,3.154801878829785466e-01,-1.380649860302986864e+00,5.173549439713530873e+00
1.800014972686767578e-01,2.317191406249999655e-02,3.035747979225683846e+00,3.494914807485992037e-01,-1.533909108249333242e+00,5.284665746780286000e+00
1.900014877319335938e-01,2.700742187499999628e-02,3.020408171346827597e+00,3.835511470328779038e-01,-1.533982250805099312e+00,5.351730579338522809e+00
2.000017166137695312e-01,3.113796874999999464e-02,3.003534382680085546e+00,4.130452336448596773e-01,-1.687340246520857567e+00,5.395961817106765146e+00
2.100014686584472656e-01,3.563164062499999535e-02,2.985126613225457692e+00,4.493783300748653842e-01,-1.840822589638630102e+00,5.412772651219541764e+00
2.200016975402832031e-01,4.042035156249999123e-02,2.966718843770829839e+00,4.788601335113480406e-01,-1.840734814386406182e+00,5.400941429455951237e+00
2.300019264221191406e-01,4.557218749999999291e-02,2.945243112740430824e+00,5.151718024032044818e-01,-2.147523950117459002e+00,5.349785135660653168e+00
2.400016784667968750e-01,5.104175781249999100e-02,2.925301362497917612e+00,5.469705936769823085e-01,-1.994224472108486301e+00,5.302932298120514254e+00
2.500021457672119141e-01,5.682906249999999243e-02,2.903825631467518598e+00,5.787034259148886584e-01,-2.147472751549093228e+00,5.198659333765884405e+00
2.600018978118896484e-01,6.291140624999999598e-02,2.883883881225005386e+00,6.082494568690098857e-01,-1.994224472108486301e+00,5.120636524442860882e+00
2.700018882751464844e-01,6.924339843749999224e-02,2.862408150194606371e+00,6.331998226164076149e-01,-2.147575151127165682e+00,4.952492178347625895e+00
2.800018787384033203e-01,7.582503906249998815e-02,2.840932419164207356e+00,6.581646901747605360e-01,-2.147575151127165682e+00,4.799481240325240705e+00
2.900018692016601562e-01,8.263363281249998249e-02,2.820990668921694144e+00,6.808600243187177270e-01,-1.994176926046637988e+00,4.633734212913527273e+00
3.000018596649169922e-01,8.964648437499998790e-02,2.801048918679180932e+00,7.012858250482802980e-01,-1.994176926046637988e+00,4.424314357284269583e+00
3.100020885467529297e-01,9.686359374999999050e-02,2.781107168436667276e+00,7.216944192256344870e-01,-1.994129382251955018e+00,4.211541841175586498e+00
3.200023174285888672e-01,1.042168749999999866e-01,2.764233379769925225e+00,7.353112950600797504e-01,-1.687340246520857567e+00,3.991045408100133418e+00
3.300018310546875000e-01,1.116836328124999889e-01,2.747359591103183174e+00,7.467120993776974469e-01,-1.687460940370302476e+00,3.731628283385115985e+00
3.400022983551025391e-01,1.192411718749999822e-01,2.730485802436441123e+00,7.557185914888537859e-01,-1.687300019074284174e+00,3.455013748895015890e+00
3.500027656555175781e-01,1.268894921874999804e-01,2.716679975345470677e+00,7.647962922875192193e-01,-1.380518197424382087e+00,3.188478855701611270e+00
3.600029945373535156e-01,1.346058984374999823e-01,2.704408129042385589e+00,7.716229639519360806e-01,-1.227156542924256133e+00,2.902402325701478603e+00
3.700025081634521484e-01,1.423449999999999716e-01,2.693670263527185860e+00,7.739477990510468253e-01,-1.073838780235671253e+00,2.586099350682086406e+00
3.800024986267089844e-01,1.501067968749999759e-01,2.684466378799871933e+00,7.761804277233392835e-01,-9.203893504830773509e-01,2.262185032580322996e+00
3.900024890899658203e-01,1.578458984374999652e-01,2.678330455648329611e+00,7.739108943089419990e-01,-6.135929003220219613e-01,1.948778695097646674e+00
4.000036716461181641e-01,1.655169140624999646e-01,2.673728513284672648e+00,7.670108591589586133e-01,-4.601398222479226030e-01,1.591182334996661396e+00
4.100027084350585938e-01,1.730971484374999869e-01,2.672194532496786845e+00,7.580964581892771781e-01,-1.534128556845077984e-01,1.248580963853900938e+00
4.200026988983154297e-01,1.805639062499999614e-01,2.673728513284672648e+00,7.466764933361917933e-01,1.533982250805276948e-01,8.853399131925488996e-01
4.300045967102050781e-01,1.878944921874999840e-01,2.678330455648329611e+00,7.329194994159875520e-01,4.601069167279887573e-01,5.093048397022481577e-01
4.400029182434082031e-01,1.949981249999999666e-01,2.684466378799871933e+00,7.104825333842027524e-01,6.136953218763488982e-01,1.189149621759496567e-01
4.500036239624023438e-01,2.019201953124999671e-01,2.695204244315071662e+00,6.921581843322367478e-01,1.073710777710968456e+00,-2.732734884169624179e-01
4.600026607513427734e-01,2.085699218749999806e-01,2.707476090618156750e+00,6.650367133217305327e-01,1.227302845475929161e+00,-6.924670650197370936e-01
4.700026512145996094e-01,2.149473046874999793e-01,2.724349879284898801e+00,6.377388894451992973e-01,1.687380475885627007e+00,-1.093960977335628026e+00
4.800031185150146484e-01,2.209615624999999584e-01,2.744291629527412013e+00,6.013976779115487448e-01,1.994081840724142074e+00,-1.520195097789068583e+00
4.900028705596923828e-01,2.266353906249999606e-01,2.767301341345696830e+00,5.673968814076584266e-01,2.301028237048287739e+00,-1.946743282946394649e+00
5.000028610229492188e-01,2.318780078124999811e-01,2.793379014739752364e+00,5.242622187254151189e-01,2.607769826368659949e+00,-2.379838875052133318e+00
5.100030899047851562e-01,2.366440234374999618e-01,2.824058630497465305e+00,4.765906542056055351e-01,3.067891357310662315e+00,-2.797401082643652614e+00
5.200033187866210938e-01,2.409561328124999735e-01,2.859340188618835210e+00,4.312010680907888971e-01,3.528075060907263971e+00,-3.209630259428748911e+00
5.300035476684570312e-01,2.447462499999999708e-01,2.896155727528090473e+00,3.790030440587447425e-01,3.681469628772767955e+00,-3.640035453419784517e+00
5.400032997131347656e-01,2.479689843749999789e-01,2.939107189588888502e+00,3.222814286395506711e-01,4.295252709156773818e+00,-4.021880537868416816e+00
5.500035285949707031e-01,2.506470312499999853e-01,2.983592632437571890e+00,2.677985580774372432e-01,4.448442468100422431e+00,-4.416064895007359326e+00
5.600032806396484375e-01,2.526669140624999699e-01,3.032680017649912685e+00,2.019932897811247685e-01,4.908860239036331841e+00,-4.761118649314422413e+00
5.700032711029052734e-01,2.540286328124999882e-01,3.086369345225909999e+00,1.361720048637454772e-01,5.368937877817892002e+00,-5.090483989772798701e+00
5.800032615661621094e-01,2.547548828124999720e-01,3.143126634377678918e+00,7.262506926066167323e-02,5.675734327978947391e+00,-5.363465170323257425e+00
5.900032520294189453e-01,2.548002734374999467e-01,3.202951885105218555e+00,4.539066828788925964e-03,5.982530778139913963e+00,-5.631651286106892584e+00
6.000034809112548828e-01,2.543009765624999474e-01,3.264311116620644437e+00,-4.992854472630166296e-02,6.135782714621324629e+00,-5.789536373230451893e+00
6.100037097930908203e-01,2.533250781249999917e-01,3.327204328923955678e+00,-9.758761014685805868e-02,6.289177282486829057e+00,-5.843397108915950433e+00
6.200034618377685547e-01,2.519406640624999860e-01,3.391631522015152722e+00,-1.384448390634691606e-01,6.442879063735160727e+00,-5.894769991221806116e+00
6.300036907196044922e-01,2.501931249999999607e-01,3.457592695894235124e+00,-1.747499065420586029e-01,6.595966418217881433e+00,-5.868323492626812410e+00
6.400036811828613281e-01,2.481278515624999736e-01,3.522019888985432168e+00,-2.065275407100099214e-01,6.442725453381497047e+00,-5.873135616081861521e+00
6.500034332275390625e-01,2.457448437499999694e-01,3.586447082076629211e+00,-2.383066901912168634e-01,6.442879063735160727e+00,-5.859060650215354826e+00
6.600034236907958984e-01,2.430441015624999757e-01,3.650874275167826255e+00,-2.700744763130909498e-01,6.442725453381497047e+00,-5.840905205665060329e+00
6.700034141540527344e-01,2.400483203124999798e-01,3.713767487471137052e+00,-2.995784107002356089e-01,6.289327228300924943e+00,-5.838145598576785389e+00
6.800036430358886719e-01,2.368255859374999717e-01,3.773592738198677132e+00,-3.222660614152211278e-01,5.982388146755775793e+00,-5.853299632233087024e+00
6.900036334991455078e-01,2.333078124999999614e-01,3.833417988926217213e+00,-3.517776792313387912e-01,5.982530778139958372e+00,-5.831364265157018778e+00
7.000038623809814453e-01,2.295630859374999666e-01,3.890175278077986132e+00,-3.744640854472625069e-01,5.675599011024723417e+00,-5.807199824597382154e+00
7.100038528442382812e-01,2.255460156249999570e-01,3.945398586441869249e+00,-4.017074143480447446e-01,5.522336102898419696e+00,-5.631638268978870876e+00
7.200040817260742188e-01,2.213246874999999780e-01,3.997553933229980760e+00,-4.221231508678216504e-01,5.215415307428076908e+00,-5.470902115291428558e+00
7.300035953521728516e-01,2.168537109374999716e-01,4.046641318442321555e+00,-4.471194029708406292e-01,4.908977281077271826e+00,-5.292048747948102871e+00
7.400040626525878906e-01,2.121784765624999680e-01,4.092660742078890301e+00,-4.675015911312436767e-01,4.601727324747999504e+00,-5.104096316948094625e+00
7.500040531158447266e-01,2.072989843749999672e-01,4.134078223351803416e+00,-4.879496840950814929e-01,4.141752077173892488e+00,-4.926711144151028066e+00
7.600042819976806641e-01,2.022379296874999843e-01,4.173961723836829840e+00,-5.060938851802385674e-01,3.988258764503821219e+00,-4.732884464539967695e+00
7.700040340423583984e-01,1.969726171874999765e-01,4.209243281958199745e+00,-5.265443059463076336e-01,3.528243296807359819e+00,-4.559407521473175073e+00
7.800040245056152344e-01,1.915711328124999613e-01,4.239922897715912242e+00,-5.401489526261846752e-01,3.067964501610198624e+00,-4.392487676059531054e+00
7.900044918060302734e-01,1.859653906249999766e-01,4.267534551897854023e+00,-5.605480243175571253e-01,2.761036394848852993e+00,-4.221109588565574278e+00
8.000044822692871094e-01,1.802007812499999695e-01,4.292078244504024198e+00,-5.764614872565154702e-01,2.454371601288176663e+00,-4.049309944506834569e+00
8.100044727325439453e-01,1.742773046874999676e-01,4.310486013958652052e+00,-5.923482211572850265e-01,1.840778700966154702e+00,-3.899703419709295460e+00
8.200042247772216797e-01,1.682176562499999861e-01,4.325825821837508300e+00,-6.059798693433771088e-01,1.534018824698828887e+00,-3.735671136820065907e+00
8.300044536590576172e-01,1.620445312499999846e-01,4.336563687352708030e+00,-6.172983711615488422e-01,1.073761975058751705e+00,-3.576005257509021540e+00
8.400049209594726562e-01,1.557806249999999781e-01,4.344233591292136154e+00,-6.263613551078800468e-01,7.669545541246666209e-01,-3.401154175399228929e+00
8.500044345855712891e-01,1.494032421874999794e-01,4.345767572080021068e+00,-6.377693006842944934e-01,1.534055400335911923e-01,-3.240745405077442243e+00
8.600056171417236328e-01,1.429577734374999909e-01,4.344233591292136154e+00,-6.444706627252777542e-01,-1.533799407492335287e-01,-3.043871720558952720e+00
8.700044155120849609e-01,1.364669140624999721e-01,4.338097668140592944e+00,-6.491639429634240566e-01,-6.136660550863248798e-01,-2.842870741413587421e+00
8.800051212310791016e-01,1.299306640624999787e-01,4.327359802625393215e+00,-6.535788756973244240e-01,-1.073710777710968456e+00,-2.635929125214433455e+00
8.900060653686523438e-01,1.233717187499999840e-01,4.312019994746536966e+00,-6.558326116289597829e-01,-1.533835972668326164e+00,-2.375489260881950671e+00
9.000048637390136719e-01,1.167900781249999881e-01,4.292078244504024198e+00,-6.582431589489241563e-01,-1.994414679030289239e+00,-2.115700420085514288e+00
9.100043773651123047e-01,1.102538281249999808e-01,4.267534551897854023e+00,-6.536567921604166109e-01,-2.454488640538613708e+00,-1.813232225738181658e+00
9.200048446655273438e-01,1.037402734374999885e-01,4.239922897715912242e+00,-6.513250323042071299e-01,-2.761036394848852993e+00,-1.457984136926476770e+00
9.300048351287841797e-01,9.734019531249998858e-02,4.207709301170313942e+00,-6.400084228595951386e-01,-3.221362726690726319e+00,-1.116522711990781680e+00
9.400048255920410156e-01,9.109898437499998336e-02,4.169359781473172433e+00,-6.241216889588255823e-01,-3.834955627012837098e+00,-6.905135910196752436e-01
9.500048160552978516e-01,8.497124999999998429e-02,4.126408319412374404e+00,-6.127740218868463762e-01,-4.295150302254331365e+00,-2.465434984664419127e-01
9.600055217742919922e-01,7.909316406249998488e-02,4.080388895775805658e+00,-5.877671139083583407e-01,-4.601617618761141060e+00,2.509623167682860645e-01
9.700050354003906250e-01,7.348742187499998635e-02,4.029767529775579504e+00,-5.606014849431342206e-01,-5.062382821110906761e+00,8.057611593205988854e-01
9.800047874450683594e-01,6.822210937499999239e-02,3.973010240623810585e+00,-5.265443059463061903e-01,-5.675869651385746728e+00,1.336751335949190711e+00
9.900052547454833984e-01,6.336531249999999282e-02,3.911651009108385146e+00,-4.856569927285731003e-01,-6.135636432997377376e+00,1.961418309351641076e+00
1.000005245208740234e+00,5.896242187499999010e-02,3.845689835229302300e+00,-4.402894823927714363e-01,-6.596123678462024742e+00,2.607454546315165711e+00
1.010004997253417969e+00,5.512691406249999038e-02,3.775126718986562935e+00,-3.835602918315769161e-01,-7.056486593614675229e+00,3.260089371035717498e+00
1.020005226135253906e+00,5.183609374999999242e-02,3.698427679592280803e+00,-3.290744993324430379e-01,-7.669728393276633582e+00,3.924866293217228019e+00
1.030005216598510742e+00,4.929421874999999342e-02,3.617126697834341709e+00,-2.541877424123213935e-01,-8.130105929267124054e+00,4.611225170304090959e+00
1.040005207061767578e+00,4.747859374999999216e-02,3.531223773712746095e+00,-1.815626731516583325e-01,-8.590300604508618321e+00,5.066807244432244950e+00
1.050005435943603516e+00,4.645730468749999231e-02,3.437650945651721912e+00,-1.021265687583444437e-01,-9.357068639797491372e+00,5.297733519263579716e+00
1.060005903244018555e+00,4.625304687499999512e-02,3.341010156014926569e+00,-2.042482679699578543e-02,-9.663627381970895769e+00,5.609153829871528885e+00
1.070005655288696289e+00,4.677503906249999566e-02,3.239767424014474262e+00,5.220051308950460905e-02,-1.012452424301237741e+01,5.525659488444575551e+00
1.080005645751953125e+00,4.779632812499999550e-02,3.135456730438250350e+00,1.021290036478077201e-01,-1.043107930547481743e+01,5.472312348703574081e+00
1.090005397796630859e+00,4.931691406249999465e-02,3.028078075286255721e+00,1.520623642172523049e-01,-1.073813177289189014e+01,5.395716104869846319e+00
1.100005865097045898e+00,5.113253906249999592e-02,2.920699420134260649e+00,1.815540159732984826e-01,-1.073736375774546481e+01,5.391594042413629495e+00
1.110005855560302734e+00,5.315242187499999438e-02,2.811786784194380218e+00,2.019884738812195990e-01,-1.089127398071631170e+01,5.353088921335246830e+00
1.120006084442138672e+00,5.514960937499999161e-02,2.715145994557584874e+00,1.997141789052066518e-01,-9.663857775528544636e+00,5.626046352932753791e+00
1.130006074905395508e+00,5.746453124999999218e-02,2.609301320193475604e+00,2.314924082683642581e-01,-1.058447753055530072e+01,5.402850265192138401e+00
1.140005826950073242e+00,5.982484374999998827e-02,2.506524607405137495e+00,2.360371026655854187e-01,-1.027792612548227780e+01,5.447926033023168024e+00
1.150006294250488281e+00,6.223054687499999377e-02,2.405281875404685188e+00,2.405590711646208857e-01,-1.012380011444570549e+01,5.459590642377377456e+00
1.160005569458007812e+00,6.468164062499999478e-02,2.308641085767889845e+00,2.451271416309013795e-01,-9.664779459627306224e+00,5.521327972399532769e+00
1.170007944107055664e+00,6.713273437499998886e-02,2.215068257706866106e+00,2.450511839439366846e-01,-9.355061307359761713e+00,5.557094870689814670e+00
1.180006027221679688e+00,6.962921874999998539e-02,2.124563391221613085e+00,2.496963014188621766e-01,-9.052221855694829955e+00,5.588050030888743080e+00
1.190006017684936523e+00,7.214839843749998316e-02,2.038660467100017026e+00,2.519182089979255523e-01,-8.590300604508662730e+00,5.623365207704984492e+00
1.200006008148193359e+00,7.478105468749998708e-02,1.955825504554192573e+00,2.632658760699047584e-01,-8.283504154347607340e+00,5.499795331971299994e+00
1.210005998611450195e+00,7.750449218749999591e-02,1.877592484372024861e+00,2.723440097274881788e-01,-7.823309479106090869e+00,5.388745472103017242e+00
1.220006704330444336e+00,8.034140624999998315e-02,1.805495387341399693e+00,2.836713870214072064e-01,-7.209200936059201759e+00,5.184028396174620745e+00
1.230005979537963867e+00,8.326910156249998918e-02,1.736466251886545908e+00,2.927907525035771674e-01,-6.903413899733787495e+00,4.860835899155880213e+00
1.240006446838378906e+00,8.635566406249998994e-02,1.673573039583234445e+00,3.086418271546073067e-01,-6.289027343822350069e+00,4.545671598263528068e+00
1.250006198883056641e+00,8.957839843749998421e-02,1.613747788855694587e+00,3.222814286395492833e-01,-5.982673416325480886e+00,4.318223733994873470e+00
1.260006189346313477e+00,9.295999999999998709e-02,1.560058461279697051e+00,3.381604787449636884e-01,-5.368937877817914206e+00,4.102351783986197375e+00
1.270006418228149414e+00,9.647777343749998347e-02,1.509437095279470897e+00,3.517692923898527724e-01,-5.062020739562572480e+00,3.919329981819011266e+00
1.280006647109985352e+00,1.001544140624999885e-01,1.464951652430787288e+00,3.676556475300405413e-01,-4.448442468100444636e+00,3.808414441672226314e+00
1.290006399154663086e+00,1.040126171874999894e-01,1.425068151945760642e+00,3.858298793572076946e-01,-3.988448944216994807e+00,3.694519574332138845e+00
1.300006628036499023e+00,1.080296874999999851e-01,1.389786593824390959e+00,4.016978371161544215e-01,-3.528075060907241767e+00,3.652290168504451984e+00
1.310006380081176758e+00,1.122283203124999906e-01,1.360640958854563820e+00,4.198736922416675954e-01,-2.914635766927801352e+00,3.624624629294165512e+00
1.320006847381591797e+00,1.166312109374999795e-01,1.334563285460507842e+00,4.402684887352474319e-01,-2.607645484023902060e+00,3.619575340891463711e+00
1.330006599426269531e+00,1.212156640624999782e-01,1.314621535217994408e+00,4.584566801773876654e-01,-1.994224472108508506e+00,3.649280153262983717e+00
1.340006589889526367e+00,1.260270703124999891e-01,1.299281727339138159e+00,4.811410838518953570e-01,-1.533982250805099312e+00,3.687530540049570593e+00
1.350007057189941406e+00,1.310654296874999847e-01,1.288543861823938652e+00,5.038123943259025239e-01,-1.073736375774546614e+00,3.739172180446377336e+00
1.360007524490356445e+00,1.363534374999999799e-01,1.282407938672396108e+00,5.287760715222310504e-01,-6.135636432997376710e-01,3.799442723425269897e+00
1.370007276535034180e+00,1.418457031249999722e-01,1.282407938672396108e+00,5.492401812026124208e-01,0.000000000000000000e+00,3.844537757899366248e+00
1.380007266998291016e+00,1.475876171874999920e-01,1.285475900248167269e+00,5.741919538421210722e-01,3.067964501610109807e-01,3.906718261355565325e+00
1.390007495880126953e+00,1.535564843749999686e-01,1.294679784975481196e+00,5.968730574098775055e-01,9.203674071932030909e-01,3.926713795871267454e+00
1.400007009506225586e+00,1.597523046874999852e-01,1.308485612066451864e+00,6.196121675687291663e-01,1.380649860302964660e+00,3.941835898932931848e+00
1.410006999969482422e+00,1.661977734374999738e-01,1.328427362308965298e+00,6.445474896883854887e-01,1.994176926046660192e+00,3.891457904554632474e+00
1.420006990432739258e+00,1.728701953124999746e-01,1.351437074127249893e+00,6.672428238323440119e-01,2.300973376207671173e+00,3.894275001427657923e+00
1.430006980895996094e+00,1.797468749999999726e-01,1.380582709097077032e+00,6.876686245619052507e-01,2.914566276529715338e+00,3.749945425306631108e+00
1.440007448196411133e+00,1.867597265624999781e-01,1.414330286430561134e+00,7.012523866968655151e-01,3.374600038148568348e+00,3.619642792924691488e+00
1.450007200241088867e+00,1.939087499999999631e-01,1.452679806127702200e+00,7.149200705736478145e-01,3.835047061747116626e+00,3.454254281679781879e+00
1.460007429122924805e+00,2.011712499999999681e-01,1.495631268188500229e+00,7.262333778371166115e-01,4.295047900234918004e+00,3.163033105012404977e+00
1.470007181167602539e+00,2.085245312499999781e-01,1.543184672612955000e+00,7.353463583043260421e-01,4.755458356566409250e+00,2.881082261849011505e+00
1.480007171630859375e+00,2.158551171874999730e-01,1.596874000188952536e+00,7.330592928498195215e-01,5.368937877817914206e+00,2.461840084646909066e+00
1.490007162094116211e+00,2.231176171874999781e-01,1.655165270128606814e+00,7.262506926066333302e-01,5.829132553059430677e+00,1.993843243265174925e+00
1.500007390975952148e+00,2.302666406249999631e-01,1.718058482431918055e+00,7.148859813084097459e-01,6.289177282486829057e+00,1.520562674795424174e+00
1.510007143020629883e+00,2.372567968749999534e-01,1.784019656311000679e+00,6.990329578942339195e-01,6.596280946205039797e+00,8.178787859454775822e-01
1.520007371902465820e+00,2.439519140624999693e-01,1.856116753341625847e+00,6.694963951935930524e-01,7.209544689680032370e+00,1.472420030577445138e-01
1.530008077621459961e+00,2.503519921874999832e-01,1.932815792735907978e+00,6.399626491202988765e-01,7.669362697935324213e+00,-6.492958784911947445e-01
1.540007591247558594e+00,2.563208593749999875e-01,2.015650755281732209e+00,5.969157511742690936e-01,8.283899161817808832e+00,-1.530771687930847724e+00
1.550007820129394531e+00,2.617450390624999623e-01,2.104621640979099872e+00,5.424055540720935653e-01,8.896884936200933680e+00,-2.400145659918122565e+00
1.560007333755493164e+00,2.665337499999999582e-01,2.198194469040124055e+00,4.788943859230820332e-01,9.357737942053503843e+00,-3.458290431005071053e+00
1.570008039474487305e+00,2.705281249999999527e-01,2.297903220252690559e+00,3.994093129261425679e-01,9.970171507315894743e+00,-4.484287963164249824e+00
1.580007791519165039e+00,2.736146874999999534e-01,2.403747894616799829e+00,3.086639034857661112e-01,1.058472989042203416e+01,-5.127173429264237470e+00
1.590007781982421875e+00,2.756799609374999682e-01,2.515728492132451422e+00,2.065275407100126970e-01,1.119807043087732268e+01,-4.972804251083058347e+00
1.600008010864257812e+00,2.767012499999999542e-01,2.636912974375417384e+00,1.021265687583430559e-01,1.211817086137710042e+01,-4.559530056010880017e+00
1.610008001327514648e+00,2.767466406249999844e-01,2.762699398982039867e+00,4.539066828794477079e-03,1.257865445660193870e+01,-4.399651712243903390e+00
1.620007991790771484e+00,2.760430859374999879e-01,2.894621746740204671e+00,-7.035553584626720591e-02,1.319224735692396067e+01,-4.083730102345811019e+00
1.630007982254028320e+00,2.747721484374999745e-01,3.029612056074141524e+00,-1.270938712061620846e-01,1.349904380708506046e+01,-3.938550736109093897e+00
1.640008211135864258e+00,2.731380859374999415e-01,3.166136346195963291e+00,-1.634025100133544295e-01,1.365211654003236497e+01,-3.857529419747276922e+00
1.650007963180541992e+00,2.712770703124999794e-01,3.304194617105671306e+00,-1.861061771017080979e-01,1.380616942228963673e+01,-3.757033617384120561e+00
1.660008430480957031e+00,2.693933593749999744e-01,3.440718907227493073e+00,-1.883622915722975577e-01,1.365179106341918036e+01,-3.899324237917446201e+00
1.670008182525634766e+00,2.675323437499999568e-01,3.575709216561429482e+00,-1.861061771017136490e-01,1.349936565734983596e+01,-3.983120363756054161e+00
1.680007934570312500e+00,2.658074999999999743e-01,3.709165545107480533e+00,-1.724886519479263414e-01,1.334596377487997998e+01,-4.059307475084863448e+00
1.690008163452148438e+00,2.643096093749999764e-01,3.838019931289874176e+00,-1.497856341789050028e-01,1.288514370070471138e+01,-4.343640049795806313e+00
1.700008392333984375e+00,2.630840624999999378e-01,3.962272375108611300e+00,-1.225518825100172238e-01,1.242495999710815369e+01,-4.597474950236051683e+00
1.710008621215820312e+00,2.620627734374999518e-01,4.083456857351576375e+00,-1.021265687583430559e-01,1.211817086137701160e+01,-4.754024861464441365e+00
1.720009088516235352e+00,2.612230468749999757e-01,4.198505416443000016e+00,-8.396873238764811231e-02,1.150431831187017551e+01,-5.035406463941934696e+00
1.730009555816650391e+00,2.605421874999999665e-01,4.310486013958652052e+00,-6.808275598998780875e-02,1.119753649022027453e+01,-5.168403200505017558e+00
1.740008831024169922e+00,2.599748046874999496e-01,4.417864669110646680e+00,-5.674239389604365108e-02,1.073864384403032091e+01,-4.888828592628907010e+00
1.750009059906005859e+00,2.594755078124999503e-01,4.519107401111098987e+00,-4.992854472630166296e-02,1.012404147912514496e+01,-4.513657964012756096e+00
1.760008573532104492e+00,2.589762109374999510e-01,4.617282171535779689e+00,-4.993211606780947193e-02,9.817954562154454834e+00,-4.025389606658361430e+00
1.770008325576782227e+00,2.585223046874999819e-01,4.709321018808918069e+00,-4.539175051260956745e-02,9.204112948193062138e+00,-3.484261449656981924e+00
1.780008792877197266e+00,2.580910937499999447e-01,4.796757923718399930e+00,-4.311907879366208562e-02,8.743281917021322514e+00,-2.900221154472570007e+00
1.790009021759033203e+00,2.576825781249999503e-01,4.879592886264224383e+00,-4.085062750333721959e-02,8.283306664738740110e+00,-2.447508495726030020e+00
1.800008773803710938e+00,2.572740624999999559e-01,4.957825906446392317e+00,-4.085257546135082768e-02,7.823496005964133637e+00,-2.064172054003438284e+00
1.810008764266967773e+00,2.568882421874999489e-01,5.031456984264902843e+00,-3.858206804472807255e-02,7.363114803864529989e+00,-1.678090230434262420e+00
1.820008754730224609e+00,2.565024218749999418e-01,5.098952138931871048e+00,-3.858206804472807255e-02,6.749521903542508028e+00,-1.493129999692841325e+00
1.830009222030639648e+00,2.560712109374999601e-01,5.163379332023067647e+00,-4.311907879365653451e-02,6.442418254647234832e+00,-1.287883298279389077e+00
1.840009212493896484e+00,2.556399999999999784e-01,5.223204582750607727e+00,-4.312113487351700025e-02,5.982530778139958372e+00,-1.165020683328732209e+00
1.850008964538574219e+00,2.551407031249999791e-01,5.279961871902377091e+00,-4.993092556387385139e-02,5.675869651385791137e+00,-1.132434000200363666e+00
1.860009908676147461e+00,2.545960156249999495e-01,5.330583237902603244e+00,-5.446360788614498794e-02,5.061658709805529455e+00,-1.091394112902343894e+00
1.870009422302246094e+00,2.539605468749999706e-01,5.378136642327057793e+00,-6.354996590448276639e-02,4.755571741043547185e+00,-1.180043542176101079e+00
1.880009412765502930e+00,2.532342968749999867e-01,5.422622085175741624e+00,-7.262506926066167323e-02,4.448548527334859060e+00,-1.283352316253735914e+00
1.890009164810180664e+00,2.523945703124999551e-01,5.460971604872883134e+00,-8.397473844833658330e-02,3.835047061747161035e+00,-1.402265418863865465e+00
1.900009393692016602e+00,2.514413671874999867e-01,5.496253162994252150e+00,-9.531813084111832868e-02,3.528075060907175153e+00,-1.616863164060045932e+00
1.910009145736694336e+00,2.503066015624999530e-01,5.528466759539851338e+00,-1.134793762815350104e-01,3.221439531867646977e+00,-1.825799066195231912e+00
1.920009374618530273e+00,2.490129687499999522e-01,5.554544432933907316e+00,-1.293603204272363860e-01,2.607707653714060658e+00,-2.057609448048804524e+00
1.930009603500366211e+00,2.475377734374999694e-01,5.579088125540076604e+00,-1.475161548731624972e-01,2.454313085848423448e+00,-2.368726511118638633e+00
1.940009355545043945e+00,2.458356249999999743e-01,5.599029875782590260e+00,-1.702190644222969784e-01,1.994224472108530710e+00,-2.650537727142564748e+00
1.950009584426879883e+00,2.438838281249999795e-01,5.614369683661446508e+00,-1.951752202937244440e-01,1.533945678655308953e+00,-2.962478391440134029e+00
1.960009574890136719e+00,2.416823828124999574e-01,5.625107549176646238e+00,-2.201447411963877998e-01,1.073787575563605046e+00,-3.271066065155926683e+00
1.970009565353393555e+00,2.391632031249999735e-01,5.632777453116074362e+00,-2.519182089979241645e-01,7.669911254025496561e-01,-3.621647574937961966e+00
1.980009555816650391e+00,2.363489843749999597e-01,5.635845414691845079e+00,-2.814221433850715992e-01,3.067964501609665717e-01,-3.932843838683847792e+00
1.990009784698486328e+00,2.331943359374999691e-01,5.635845414691845079e+00,-3.154576234979963867e-01,0.000000000000000000e+00,-4.304999399157966700e+00
2.000009775161743164e+00,2.296538671874999715e-01,5.629709491540303645e+00,-3.540472126457332447e-01,-6.135929003219331435e-01,-4.493006809101371957e+00
2.010009765625000000e+00,2.257275781249999669e-01,5.620505606812988830e+00,-3.926292806904613242e-01,-9.203893504831661687e-01,-4.827172973878519180e+00
2.020009994506835938e+00,2.213700781249999805e-01,5.606699779722018384e+00,-4.357400267022683571e-01,-1.380551110789760338e+00,-5.018872329590343462e+00
2.030010223388671875e+00,2.165586718749999695e-01,5.588292010267391419e+00,-4.811296128170905462e-01,-1.840734814386317364e+00,-5.095163071799192700e+00
2.040010213851928711e+00,2.113387499999999641e-01,5.563748317661220355e+00,-5.219926853110178344e-01,-2.454371601288265481e+00,-5.084066104150041454e+00
2.050009965896606445e+00,2.056649218749999619e-01,5.536136663479279463e+00,-5.673968814076584266e-01,-2.761233884457856558e+00,-5.190706647424138787e+00
2.060009717941284180e+00,1.995825781249999653e-01,5.503923066933680275e+00,-6.082494568690092196e-01,-3.221439531867646977e+00,-5.184265295782328309e+00
2.070009946823120117e+00,1.930917187499999743e-01,5.465573547236539653e+00,-6.490710814419217156e-01,-3.834864196638272382e+00,-5.010388738375034734e+00
2.080009937286376953e+00,1.862150390624999763e-01,5.424156065963627427e+00,-6.876686245619052507e-01,-4.141752077173803670e+00,-4.838604250482050340e+00
2.090010166168212891e+00,1.789979296874999737e-01,5.376602661539171990e+00,-7.216944192256344870e-01,-4.755231603831564513e+00,-4.486345059152629489e+00
2.100009918212890625e+00,1.714857812499999690e-01,5.325981295538946725e+00,-7.512334709837399371e-01,-5.062262121506099888e+00,-4.152267749319999979e+00
2.110010385513305664e+00,1.637693749999999671e-01,5.269224006387177361e+00,-7.716045678865182111e-01,-5.675463700522657362e+00,-3.532701167021835786e+00
2.120010137557983398e+00,1.559167968749999855e-01,5.207864774871751479e+00,-7.852772838681970624e-01,-6.136075298795404365e+00,-3.054106149525547931e+00
2.130010366439819336e+00,1.480188281249999738e-01,5.143437581780554879e+00,-7.897787983978650228e-01,-6.442571850352333485e+00,-2.261318511797633324e+00
2.140010356903076172e+00,1.401435546874999771e-01,5.074408446325700872e+00,-7.875280947953171573e-01,-6.902920128623035723e+00,-1.466385012083627482e+00
2.150010347366333008e+00,1.323590624999999854e-01,5.000777368507190346e+00,-7.784499611377336814e-01,-7.363114803864529989e+00,-5.191423432923643055e-01
2.160010337829589844e+00,1.248242187499999795e-01,4.924078329112908214e+00,-7.534850935793820925e-01,-7.669911254025585379e+00,7.677466665128833689e-01
2.170010328292846680e+00,1.176071093749999769e-01,4.841243366567083761e+00,-7.217116257778416477e-01,-8.283504154347607340e+00,1.885432083276308513e+00
2.180010795593261719e+00,1.109119921874999887e-01,4.753806461657601901e+00,-6.694804339015365535e-01,-8.743281917021322514e+00,2.883908221229952495e+00
2.190010547637939453e+00,1.047161718749999859e-01,4.661767614384463521e+00,-6.195973944971630010e-01,-9.204112948193062138e+00,4.052390377218509698e+00
2.200010299682617188e+00,9.922390624999997966e-02,4.566660805535553536e+00,-5.492401812026137531e-01,-9.510916713132862910e+00,5.594145484916860589e+00
2.210010528564453125e+00,9.461675781249999362e-02,4.465418073535101229e+00,-4.607042990654191539e-01,-1.012404147912514496e+01,6.000000000000000000e+00
2.220010995864868164e+00,9.100820312499999232e-02,4.358039418383106600e+00,-3.608386067469306346e-01,-1.073736375774542040e+01,6.000000000000000000e+00
2.230010747909545898e+00,8.848902343749999455e-02,4.244524840079568762e+00,-2.519242153450000354e-01,-1.135173930277149346e+01,6.000000000000000000e+00
2.240010738372802734e+00,8.712730468749999013e-02,4.123340357836603687e+00,-1.361720048637440894e-01,-1.211845978136035562e+01,6.000000000000000000e+00
2.250010728836059570e+00,8.692304687499999294e-02,3.997553933229980760e+00,-2.042580072956126647e-02,-1.257865445660198311e+01,6.000000000000000000e+00
2.260010480880737305e+00,8.783085937499998663e-02,3.862563623896044351e+00,9.078350102522468601e-02,-1.349936565734983596e+01,6.000000000000000000e+00
2.270010709762573242e+00,8.957839843749998421e-02,3.736777199289421869e+00,1.747499065420558273e-01,-1.257835456497365811e+01,6.000000000000000000e+00
2.280010938644409180e+00,9.248339843749998901e-02,3.589515043652400372e+00,2.904933511348469222e-01,-1.472587851509111623e+01,5.176773313501712437e+00
2.290010690689086914e+00,9.618273437499998135e-02,3.436116964863836110e+00,3.699427666777923562e-01,-1.534018824698846650e+01,-1.135840297484108419e+00
2.300010919570922852e+00,1.002678906249999807e-01,3.282718886075272291e+00,4.085062750333777748e-01,-1.533945678655322276e+01,-3.511014638532429899e+00
2.310011625289916992e+00,1.040807031249999792e-01,3.127786826498822226e+00,3.812543441567728397e-01,-1.549211264982937131e+01,-6.000000000000000000e+00
2.320011854171752930e+00,1.072353515624999837e-01,2.975922728498143766e+00,3.154576234979977745e-01,-1.518606221868771833e+01,-6.000000000000000000e+00
2.330011844635009766e+00,1.093687109374999883e-01,2.831728534436893430e+00,2.133361409531988606e-01,-1.441943315756809341e+01,-4.067327206311354360e+00
2.340011358261108398e+00,1.104353906249999906e-01,2.692136282739300057e+00,1.066731570539569823e-01,-1.395990414306341521e+01,-1.481335140763754055e+00
2.350011348724365234e+00,1.106623437499999890e-01,2.558679954193249451e+00,2.269533414395711809e-02,-1.334564558200448836e+01,3.896834086811175268e+00
2.360012531280517578e+00,1.104580859374999779e-01,2.428291587222970005e+00,-2.042336607228107184e-02,-1.303729496369102137e+01,2.414273499111775578e+00
2.370011806488037109e+00,1.100722656249999848e-01,2.304039143404232881e+00,-3.858482784930784837e-02,-1.242614501952084893e+01,4.522142705333608959e+00
2.380012035369873047e+00,1.095729687499999855e-01,2.182854661161267362e+00,-4.992854472630166296e-02,-1.211817086137705601e+01,2.356020673420445632e+00
2.390011548995971680e+00,1.089148046874999914e-01,2.067806102069844165e+00,-6.581960754393016699e-02,-1.150541550252480150e+01,2.664299014542815591e+00
2.400012016296386719e+00,1.080750781249999876e-01,1.955825504554192573e+00,-8.396873238765088787e-02,-1.119753649022023012e+01,1.190653345264552687e+00
2.410011291503906250e+00,1.070083984374999853e-01,1.849980830190083303e+00,-1.066757005245591305e-01,-1.058523464625848831e+01,7.960284119031103556e-01
2.420011758804321289e+00,1.056920703124999833e-01,1.747204117401745194e+00,-1.316266615806415130e-01,-1.027719102527065687e+01,4.493508783962516517e-01
2.430011510848999023e+00,1.040580078124999919e-01,1.652097308552835431e+00,-1.634103018454046985e-01,-9.510916713132841593e+00,-1.010063030232388748e+00
2.440011739730834961e+00,1.021969921874999881e-01,1.560058461279697051e+00,-1.860973030707613884e-01,-9.203674071931942535e+00,-9.993589482207592134e-01
2.450011730194091797e+00,9.999554687499997985e-02,1.474155537158101215e+00,-2.201447411963864120e-01,-8.590300604508639637e+00,-2.454424244980487391e+00
2.460011482238769531e+00,9.752175781249998454e-02,1.391320574612276539e+00,-2.473850402937385062e-01,-8.283701653373768181e+00,-2.378130638456271484e+00
2.470011711120605469e+00,9.468484374999998343e-02,1.314621535217994408e+00,-2.836849132176236243e-01,-7.669728393276633582e+00,-4.144709980417307982e+00
2.480011701583862305e+00,9.155289062499999408e-02,1.240990457399483660e+00,-3.131956111866093240e-01,-7.363114803864552194e+00,-4.165860466069572610e+00
2.490012168884277344e+00,8.805781249999998506e-02,1.171961321944629875e+00,-3.494914807486002584e-01,-6.902590987122065869e+00,-5.225088252427683599e+00
2.500011920928955078e+00,8.422230468749998533e-02,1.106000148065547251e+00,-3.835602918315769161e-01,-6.596280946205039797e+00,-5.348306572121203750e+00
2.510011911392211914e+00,8.000097656249999245e-02,1.043106935762236009e+00,-4.221332150776045955e-01,-6.289327228300969352e+00,0.000000000000000000e+00
2.520013809204101562e+00,7.552999999999998604e-02,9.848156658225817317e-01,-4.470128216252300946e-01,-5.828020945221132010e+00,0.000000000000000000e+00
2.530012845993041992e+00,7.121789062499998824e-02,9.311263382465839733e-01,-4.312524762154555380e-01,-5.369449948957240260e+00,0.000000000000000000e+00
2.540016651153564453e+00,6.704195312499998394e-02,8.805049722463578199e-01,-4.174349093162377233e-01,-5.060211108468089414e+00,0.000000000000000000e+00
2.550012350082397461e+00,6.293410156249999721e-02,8.360195293976744324e-01,-4.109619138938567784e-01,-4.450458458724010136e+00,-6.000000000000000000e+00
2.560014247894287109e+00,5.884894531249999089e-02,7.930680673368764033e-01,-4.084381111296518929e-01,-4.294331222794531833e+00,-6.000000000000000000e+00
2.570013046264648438e+00,5.440066406249999265e-02,7.531845668518499792e-01,-4.448815832896178546e-01,-3.988829358060667296e+00,-6.000000000000000000e+00
2.580013513565063477e+00,4.963464843749999106e-02,7.148350471547089136e-01,-4.765792919299083885e-01,-3.834772770623377180e+00,-6.000000000000000000e+00
2.590033531188964844e+00,4.448281249999999631e-02,6.780195082454532063e-01,-5.141543788516900193e-01,-3.674199017518425148e+00,-6.000000000000000000e+00
2.600013017654418945e+00,3.899054687499999700e-02,6.442719309119691040e-01,-5.503555362304990428e-01,-3.381694784627223616e+00,-6.000000000000000000e+00
2.610012531280517578e+00,3.318054687499999433e-02,6.105243535784850017e-01,-5.810282596981476422e-01,-3.374921880740604951e+00,-6.000000000000000000e+00
2.620012521743774414e+00,2.698472656249999505e-02,5.798447378207725045e-01,-6.195826221300335668e-01,-3.067964501610198624e+00,-6.000000000000000000e+00
2.630012512207031250e+00,2.047117187499999588e-02,5.491651220630595631e-01,-6.513560899315736785e-01,-3.067964501610243033e+00,-6.000000000000000000e+00
2.640012502670288086e+00,1.361718749999999735e-02,5.184855063053466218e-01,-6.853990911475095205e-01,-3.067964501610243033e+00,-6.000000000000000000e+00
2.650012731552124023e+00,6.445468749999998942e-03,4.908738521234052854e-01,-7.171554606141520294e-01,-2.761102221579565086e+00,-6.000000000000000000e+00
2.660012722015380859e+00,-9.985937499999999155e-04,4.647961787293493074e-01,-7.444069599217985056e-01,-2.607769826368704358e+00,-6.000000000000000000e+00
2.670012950897216797e+00,-8.714999999999998789e-03,4.387185053352933295e-01,-7.716229639519357475e-01,-2.607707653714060658e+00,-6.000000000000000000e+00
2.680012702941894531e+00,-1.663566406249999616e-02,4.141748127291231540e-01,-7.920860464450906191e-01,-2.454430119518143716e+00,-6.000000000000000000e+00
2.690012931823730469e+00,-2.487406249999999514e-02,3.896311201229529786e-01,-8.238209879839785144e-01,-2.454313085848512266e+00,-6.000000000000000000e+00
2.700013160705566406e+00,-3.324863281249999802e-02,3.650874275167828031e-01,-8.374378638184248880e-01,-2.454313085848512266e+00,-6.000000000000000000e+00
2.710012912750244141e+00,-4.182746093749999117e-02,3.451456772742691470e-01,-8.579040846883785321e-01,-1.994224472108530710e+00,-6.000000000000000000e+00
2.720013141632080078e+00,-5.051976562499999046e-02,3.221359654559847741e-01,-8.692105740987983165e-01,-2.300918517982963429e+00,-6.000000000000000000e+00
2.730012893676757812e+00,-5.941632812499999389e-02,3.006602344255857595e-01,-8.896783100472084316e-01,-2.147626354578386909e+00,-6.000000000000000000e+00
2.740012884140014648e+00,-6.851714843749999451e-02,2.791845033951867450e-01,-9.100828991726868100e-01,-2.147575151127165682e+00,-6.000000000000000000e+00
2.750013113021850586e+00,-7.779953124999998415e-02,2.592427531526735329e-01,-9.282170360480630489e-01,-1.994129382251910609e+00,-6.000000000000000000e+00
2.760013103485107422e+00,-8.724078124999998241e-02,2.393010029101598768e-01,-9.441259003886224299e-01,-1.994176926046682397e+00,-6.000000000000000000e+00
2.770013332366943359e+00,-9.684089843749998927e-02,2.208932334555324672e-01,-9.599897463284385868e-01,-1.840734814386361773e+00,-6.000000000000000000e+00
2.780012845993041992e+00,-1.065998828124999909e-01,2.024854640009046136e-01,-9.759459049617321691e-01,-1.840866480403982486e+00,-6.000000000000000000e+00
2.790013551712036133e+00,-1.165404296874999884e-01,1.840776945462767600e-01,-9.939845401230150701e-01,-1.840647047504492040e+00,-6.000000000000000000e+00
2.800013780593872070e+00,-1.265717578124999909e-01,1.656699250916493504e-01,-1.003109853137516883e+00,-1.840734814386361773e+00,-6.000000000000000000e+00
2.810013294219970703e+00,-1.366484765624999820e-01,1.472621556370214968e-01,-1.007720887913973407e+00,-1.840866480403982486e+00,-5.659478723767074726e+00
2.820013523101806641e+00,-1.468386718749999931e-01,1.303883669702794457e-01,-1.018996208277704651e+00,-1.687340246520857567e+00,-6.000000000000000000e+00
2.830013513565063477e+00,-1.570969531249999662e-01,1.119805975156515920e-01,-1.025829103306866052e+00,-1.840778700966154702e+00,-4.245087407864353679e+00
2.840013504028320312e+00,-1.674233203124999847e-01,9.664078963679534340e-02,-1.032637703550057795e+00,-1.533982250805099312e+00,-5.866725064556417735e+00
2.850013494491577148e+00,-1.778631640624999677e-01,7.976700097005329226e-02,-1.043985370622033004e+00,-1.687380475885627007e+00,-4.097917712863771378e+00
2.860014677047729492e+00,-1.883257031249999658e-01,6.135923151542543863e-02,-1.046130195480118097e+00,-1.840559288991690412e+00,-2.155241668038663239e+00
2.870014190673828125e+00,-1.989017187499999839e-01,4.448544284868338750e-02,-1.057653003981785744e+00,-1.687460940370302476e+00,-2.637575324542349442e+00
2.880014419555664062e+00,-2.094096484374999845e-01,2.761165418194133636e-02,-1.050768918558077525e+00,-1.687340246520857567e+00,-1.787413154622816913e+00
2.890014886856079102e+00,-2.198494921874999675e-01,9.203884727313926817e-03,-1.043935591846463895e+00,-1.840690929899190920e+00,2.592902027392461894e-01
2.900013685226440430e+00,-2.301985546874999733e-01,-7.669903939428124318e-03,-1.035030622347275164e+00,-1.687581651487215728e+00,1.004672890747315694e-02
2.910014867782592773e+00,-2.402752734374999644e-01,-2.147573103039901454e-02,-1.007552726232477491e+00,-1.380419466743767698e+00,-1.294932765044791712e+00
2.920015096664428711e+00,-2.502385156249999909e-01,-3.528155812136990477e-02,-9.963014152202963603e-01,-1.380551110789804747e+00,-5.308152489459280199e-01
2.930014610290527344e+00,-2.599748046874999496e-01,-5.062136600022615340e-02,-9.736762633222819652e-01,-1.534055400336622466e+00,1.558298457848021457e+00
2.940014123916625977e+00,-2.695976171874999716e-01,-6.442719309119704363e-02,-9.623280551250588122e-01,-1.380649860302986864e+00,1.192176435364384446e+00
2.950014114379882812e+00,-2.788119140624999437e-01,-7.516505860639632886e-02,-9.214305662446625744e-01,-1.073787575563560637e+00,-9.679505619551470597e-02
2.960014343261718750e+00,-2.878446484374999614e-01,-8.590292412159605817e-02,-9.032527636849150277e-01,-1.073761975058751705e+00,6.037638113668448714e-01
2.970014095306396484e+00,-2.967639062499999314e-01,-9.664078963679534340e-02,-8.919478975728356573e-01,-1.073813177289171250e+00,1.225393810614022083e+00
2.980014324188232422e+00,-3.053654296874999674e-01,-1.073786551519950727e-01,-8.601326568758380642e-01,-1.073761975058751705e+00,2.082808408137823974e+00
2.990014076232910156e+00,-3.134676562499999486e-01,-1.150485590914231970e-01,-8.102427466501340714e-01,-7.670094123494144434e-01,7.566512257584238066e-01
3.000014066696166992e+00,-3.212748437499999277e-01,-1.227184630308513213e-01,-7.807194945521281904e-01,-7.669911254025496561e-01,1.448780123701070677e+00
3.010014295578002930e+00,-3.288550781249999777e-01,-1.303883669702794457e-01,-7.580060881174950360e-01,-7.669728393276544764e-01,2.060474288388407516e+00
3.020014286041259766e+00,-3.360948828124999399e-01,-1.365242901218222116e-01,-7.239811591922332701e-01,-6.135929003220663702e-01,1.607166325103192017e+00
3.030014276504516602e+00,-3.428580859374999457e-01,-1.411262324854791750e-01,-6.763209574899273768e-01,-4.601946752415386754e-01,1.242695007530206119e+00
3.040014266967773438e+00,-3.493035546874999620e-01,-1.441941940612503359e-01,-6.445474896883882643e-01,-3.067964501610109807e-01,6.234823349148406191e-01
3.050014972686767578e+00,-3.552497265624999234e-01,-1.472621556370214968e-01,-5.945752271968682834e-01,-3.067745079174005185e-01,1.344686017672446443e+00
3.060014486312866211e+00,-3.607192968749999284e-01,-1.487961364249072993e-01,-5.469836351064595314e-01,-1.534055400336800101e-01,8.399830804712865584e-01
3.070014715194702148e+00,-3.657803515624999391e-01,-1.487961364249072993e-01,-5.060938851802413430e-01,0.000000000000000000e+00,1.879184321501830846e-01
3.080014467239379883e+00,-3.705917578124999223e-01,-1.426602132733645334e-01,-4.811525554336924526e-01,6.136075298795581334e-01,-4.313000470950767884e+00
3.090014696121215820e+00,-3.752669921874999259e-01,-1.288543861823936432e-01,-4.675127369826438950e-01,1.380551110789804747e+00,-6.000000000000000000e+00
3.100014686584472656e+00,-3.799422265624999295e-01,-1.089126359398804311e-01,-4.675238833655202542e-01,1.994176926046637988e+00,-6.000000000000000000e+00
3.110014677047729492e+00,-3.845493749999999711e-01,-8.590292412159605817e-02,-4.607152831223368383e-01,2.300973376207648968e+00,-6.000000000000000000e+00
3.120015382766723633e+00,-3.890203515624999220e-01,-5.982525072754008022e-02,-4.470661059457348707e-01,2.607583317298015846e+00,-6.000000000000000000e+00
3.130014896392822266e+00,-3.933097656249999186e-01,-3.681553890925526318e-02,-4.289622698552725266e-01,2.301083100504977885e+00,-6.000000000000000000e+00
3.140015125274658203e+00,-3.974403124999999481e-01,-1.380582709097089023e-02,-4.130452336448627859e-01,2.300918517982963429e+00,-6.000000000000000000e+00
3.150014877319335938e+00,-4.015027734374999602e-01,7.669903939428124318e-03,-4.062561670878844788e-01,2.147626354578386909e+00,-6.000000000000000000e+00
3.160015106201171875e+00,-4.055198437499999420e-01,3.067961575771294136e-02,-4.016978371161530337e-01,2.300918517983007838e+00,-6.000000000000000000e+00
3.170015096664428711e+00,-4.095823046874999540e-01,5.215534678811195590e-02,-4.062464811768364270e-01,2.147575151127165682e+00,-6.000000000000000000e+00
3.180015325546264648e+00,-4.135993749999999358e-01,7.516505860639632886e-02,-4.016978371161530337e-01,2.300918517982963429e+00,-6.000000000000000000e+00
3.190015316009521484e+00,-4.175483593749999556e-01,9.664078963679534340e-02,-3.948988141048585532e-01,2.147575151127165682e+00,-6.000000000000000000e+00
3.200015068054199219e+00,-4.214065624999999149e-01,1.196505014550801604e-01,-3.858298793572035312e-01,2.301028237048287739e+00,-6.000000000000000000e+00
3.210015058517456055e+00,-4.251739843749999248e-01,1.426602132733645334e-01,-3.767425467896917679e-01,2.300973376207648968e+00,-6.000000000000000000e+00
3.220015764236450195e+00,-4.287598437499999249e-01,1.656699250916493504e-01,-3.585606331950603187e-01,2.300808809380614939e+00,-6.000000000000000000e+00
3.230015277862548828e+00,-4.320733593749999657e-01,1.902136176978195259e-01,-3.313676793591037728e-01,2.454488640538613708e+00,-6.000000000000000000e+00
3.240015745162963867e+00,-4.350691406249999615e-01,2.147573103039897013e-01,-2.995641263559418732e-01,2.454254573198950684e+00,-6.000000000000000000e+00
3.250015735626220703e+00,-4.377244921874999251e-01,2.408349836980456793e-01,-2.655354094842964918e-01,2.607769826368704358e+00,-6.000000000000000000e+00
3.260015249252319336e+00,-4.399940234374999370e-01,2.684466378799870157e-01,-2.269641639445900139e-01,2.761299720605929320e+00,-6.000000000000000000e+00
3.270015716552734375e+00,-4.419458203124999596e-01,2.960582920619287961e-01,-1.951705671712979928e-01,2.761036394848852993e+00,-6.000000000000000000e+00
3.280015468597412109e+00,-4.435571874999999498e-01,3.267379078196417375e-01,-1.611407143197739478e-01,3.068037649397702182e+00,-6.000000000000000000e+00
3.290015459060668945e+00,-4.448735156249999378e-01,3.574175235773542347e-01,-1.316329380349509914e-01,3.067964501610198624e+00,-6.000000000000000000e+00
3.300015449523925781e+00,-4.458721093749999365e-01,3.911651009108383370e-01,-9.985947023341187889e-02,3.374760951771254014e+00,-6.000000000000000000e+00
3.310015439987182617e+00,-4.464167968749999105e-01,4.264466590322082418e-01,-5.446880194549486021e-02,3.528159176851781709e+00,-6.000000000000000000e+00
3.320015668869018555e+00,-4.465075781249999154e-01,4.632621979414635049e-01,-9.077917222964443367e-03,3.681469628772767955e+00,-6.000000000000000000e+00
3.330015659332275391e+00,-4.462579296874999435e-01,5.031456984264903731e-01,2.496486755835019417e-02,3.988353852093320384e+00,-6.000000000000000000e+00
3.340016126632690430e+00,-4.456905468749999266e-01,5.460971604872884022e-01,5.673562999165742554e-02,4.294945503098186457e+00,-6.000000000000000000e+00
3.350015878677368164e+00,-4.450096874999999175e-01,5.905826033359717897e-01,6.808762576891989882e-02,4.448654591626630683e+00,-6.000000000000000000e+00
3.360016822814941406e+00,-4.443061328124999210e-01,6.366020269725409797e-01,7.034882685293311622e-02,4.601507918005022901e+00,-6.000000000000000000e+00
3.370016336441040039e+00,-4.435117968749999195e-01,6.872233929727671331e-01,7.943745738060623007e-02,5.062382821110906761e+00,-6.000000000000000000e+00
3.380016565322875977e+00,-4.426947656249999308e-01,7.393787397608790890e-01,8.170125500667443919e-02,5.215415307428121316e+00,-6.000000000000000000e+00
3.390016317367553711e+00,-4.418777343749999420e-01,7.946020481247622058e-01,8.170515092270165536e-02,5.522467768915846342e+00,-6.000000000000000000e+00
3.400016307830810547e+00,-4.410153124999999230e-01,8.544272988523022860e-01,8.624226974703955162e-02,5.982530778139958372e+00,-6.000000000000000000e+00
3.410016536712646484e+00,-4.401301953124999167e-01,9.157865303677277247e-01,8.850969292389916643e-02,6.135782714621280221e+00,-6.000000000000000000e+00
3.420016050338745117e+00,-4.392450781249999658e-01,9.817477042468105708e-01,8.851602393838473026e-02,6.596438221447574080e+00,-6.000000000000000000e+00
3.430016279220581055e+00,-4.383145703124999293e-01,1.052310820489549936e+00,9.304865153538416367e-02,7.056150121814483533e+00,-6.000000000000000000e+00
3.440016269683837891e+00,-4.374748437499999532e-01,1.118271994368632338e+00,8.397273633263953319e-02,6.596123678461980333e+00,-6.000000000000000000e+00
3.450016498565673828e+00,-4.365443359374999166e-01,1.196505014550800050e+00,9.304865153538416367e-02,7.823122961142160214e+00,-6.000000000000000000e+00
3.460016250610351562e+00,-4.353641796874999637e-01,1.277805996308739145e+00,1.180185513327881991e-01,8.130299770903890888e+00,-6.000000000000000000e+00
3.470016479492187500e+00,-4.342067187499999426e-01,1.365242901218220561e+00,1.157434445927924965e-01,8.743490368335340435e+00,-6.000000000000000000e+00
3.480016231536865234e+00,-4.331854296874999566e-01,1.457281748491359163e+00,1.021314386533770657e-01,9.204112948193083454e+00,-6.000000000000000000e+00
3.490016222000122070e+00,-4.323003124999999502e-01,1.552388557340268926e+00,8.851180316143400506e-02,9.510689954991716988e+00,-6.000000000000000000e+00
3.500016450881958008e+00,-4.314151953124999439e-01,1.653631289340721233e+00,8.850969292389916643e-02,1.012404147912514496e+01,-6.000000000000000000e+00
3.510016918182373047e+00,-4.305527734374999249e-01,1.759475963704830503e+00,8.623815758731862013e-02,1.058397284692051343e+01,-6.000000000000000000e+00
3.520017385482788086e+00,-4.298038281249999537e-01,1.869922580432596515e+00,7.489103158898269275e-02,1.104414557939530006e+01,-6.000000000000000000e+00
3.530017137527465820e+00,-4.291229687499999446e-01,1.984971139524019712e+00,6.808762576891989882e-02,1.150514118524134943e+01,-6.000000000000000000e+00
3.540020227432250977e+00,-4.285328906249999403e-01,2.104621640979099872e+00,5.898958527981737476e-02,1.196135420094976887e+01,-6.000000000000000000e+00
3.550016641616821289e+00,-4.281470703124999333e-01,2.227340104009950750e+00,3.859587101698219724e-02,1.227624833915641034e+01,-6.000000000000000000e+00
3.560016870498657227e+00,-4.278293359374999438e-01,2.354660509404459034e+00,3.177271028037277623e-02,1.273174913283920695e+01,-6.000000000000000000e+00
3.570017099380493164e+00,-4.273527343749999319e-01,2.485048876374738924e+00,4.765906542056193990e-02,1.303853826857030462e+01,-6.000000000000000000e+00
3.580016851425170898e+00,-4.268307421874999452e-01,2.616971224132903728e+00,5.220051308950322128e-02,1.319256189241003518e+01,-6.000000000000000000e+00
3.590016841888427734e+00,-4.264449218749999382e-01,2.753495514254725940e+00,3.858206804472807255e-02,1.365244203216554375e+01,-6.000000000000000000e+00
3.600017070770263672e+00,-4.262179687499999536e-01,2.890019804376548151e+00,2.269479305740833286e-02,1.365211654003240938e+01,-6.000000000000000000e+00
3.610016822814941406e+00,-4.261952734374999663e-01,3.028078075286255721e+00,2.269587525629368149e-03,1.380616942228959232e+01,-6.000000000000000000e+00
3.620016813278198242e+00,-4.263087499999999586e-01,3.166136346195963291e+00,-1.134766707197786516e-02,1.380584025724602704e+01,-6.000000000000000000e+00
3.630017280578613281e+00,-4.264449218749999382e-01,3.304194617105671306e+00,-1.361655119799533992e-02,1.380518197424417615e+01,-6.000000000000000000e+00
3.640017032623291016e+00,-4.265357031249999431e-01,3.442252888015378876e+00,-9.078350102523023712e-03,1.380616942228959232e+01,-6.000000000000000000e+00
3.650017499923706055e+00,-4.266264843749999480e-01,3.577243197349315285e+00,-9.077700798665410895e-03,1.349840015259427339e+01,-6.000000000000000000e+00
3.660017251968383789e+00,-4.266264843749999480e-01,3.709165545107480533e+00,0.000000000000000000e+00,1.319256189241007959e+01,-6.000000000000000000e+00
3.670017480850219727e+00,-4.266037890624999607e-01,3.836485950501988818e+00,2.269479305739723063e-03,1.273174913283920695e+01,-6.000000000000000000e+00
3.680017232894897461e+00,-4.266037890624999607e-01,3.962272375108611300e+00,0.000000000000000000e+00,1.257895436253052068e+01,-6.000000000000000000e+00
3.690017223358154297e+00,-4.266264843749999480e-01,4.084990838139462177e+00,-2.269533414394462982e-03,1.227185800644088332e+01,-6.000000000000000000e+00
3.700017929077148438e+00,-4.266491796874999354e-01,4.201573378018771621e+00,-2.269371096170003013e-03,1.165743130086175405e+01,-6.000000000000000000e+00
3.710017442703247070e+00,-4.266491796874999354e-01,4.316621937110194374e+00,0.000000000000000000e+00,1.150541550252475709e+01,-6.000000000000000000e+00
3.720017910003662109e+00,-4.266718749999999227e-01,4.425534573050074805e+00,-2.269425199664964945e-03,1.089075466857037178e+01,-6.000000000000000000e+00
3.730017423629760742e+00,-4.266718749999999227e-01,4.529845266626297828e+00,0.000000000000000000e+00,1.043157672228908517e+01,-6.000000000000000000e+00
3.740017652511596680e+00,-4.267172656249999529e-01,4.631087998626751023e+00,-4.538958611484997241e-03,1.012404147912523378e+01,-6.000000000000000000e+00
3.750017404556274414e+00,-4.267172656249999529e-01,4.726194807475660120e+00,0.000000000000000000e+00,9.510916713132774092e+00,-6.000000000000000000e+00
3.760017633438110352e+00,-4.266945703124999656e-01,4.816699673960913586e+00,2.269479305739723063e-03,9.050279504066482517e+00,-6.000000000000000000e+00
3.770017862319946289e+00,-4.266718749999999227e-01,4.901068617294623841e+00,2.269479305745274178e-03,8.436701232604288947e+00,-6.000000000000000000e+00
3.780017852783203125e+00,-4.267172656249999529e-01,4.980835618264676690e+00,-4.539066828794477079e-03,7.976707704186551950e+00,-6.000000000000000000e+00
3.790018320083618164e+00,-4.267172656249999529e-01,5.057534657658958821e+00,0.000000000000000000e+00,7.669545541246754361e+00,-6.000000000000000000e+00
3.800018072128295898e+00,-4.266945703124999656e-01,5.128097773901698631e+00,2.269587525629368149e-03,7.056486593614719638e+00,-6.000000000000000000e+00
3.810018062591552734e+00,-4.266945703124999656e-01,5.195592928568666835e+00,0.000000000000000000e+00,6.749521903542508028e+00,-6.000000000000000000e+00
3.820018053054809570e+00,-4.266945703124999656e-01,5.258486140871978520e+00,0.000000000000000000e+00,6.289327228301013761e+00,-6.000000000000000000e+00
3.830018281936645508e+00,-4.266945703124999656e-01,5.316777410811631910e+00,0.000000000000000000e+00,5.828993578890138139e+00,-6.000000000000000000e+00
3.840018033981323242e+00,-4.266718749999999227e-01,5.372000719175515471e+00,2.269587525634919264e-03,5.522467768915890751e+00,-6.000000000000000000e+00
3.850018024444580078e+00,-4.266718749999999227e-01,5.422622085175741624e+00,0.000000000000000000e+00,5.062141427656881021e+00,-6.000000000000000000e+00
3.860018968582153320e+00,-4.266945703124999656e-01,5.470175489600196173e+00,-2.269316995260204067e-03,4.754891515271829405e+00,-6.000000000000000000e+00
3.870018720626831055e+00,-4.266945703124999656e-01,5.514660932448880004e+00,0.000000000000000000e+00,4.448654591626675092e+00,-6.000000000000000000e+00
3.880019187927246094e+00,-4.266945703124999656e-01,5.556078413721792231e+00,0.000000000000000000e+00,4.141554592273235080e+00,-6.000000000000000000e+00
3.890018463134765625e+00,-4.266945703124999656e-01,5.592893952631047938e+00,0.000000000000000000e+00,3.681820746524722132e+00,-6.000000000000000000e+00
3.900018453598022461e+00,-4.266945703124999656e-01,5.626641529964532040e+00,0.000000000000000000e+00,3.374760951771254014e+00,-6.000000000000000000e+00
3.910018205642700195e+00,-4.266945703124999656e-01,5.658855126510130340e+00,0.000000000000000000e+00,3.221439531867558159e+00,-6.000000000000000000e+00
3.920018672943115234e+00,-4.266945703124999656e-01,5.686466780692072120e+00,0.000000000000000000e+00,2.761036394848852993e+00,-6.000000000000000000e+00
3.930018424987792969e+00,-4.266945703124999656e-01,5.712544454086128098e+00,0.000000000000000000e+00,2.607832001988044546e+00,-6.000000000000000000e+00
3.940018415451049805e+00,-4.266945703124999656e-01,5.735554165904412471e+00,0.000000000000000000e+00,2.300973376207648968e+00,-6.000000000000000000e+00
3.950018405914306641e+00,-4.266945703124999656e-01,5.755495916146925239e+00,0.000000000000000000e+00,1.994176926046593579e+00,-6.000000000000000000e+00
3.960018634796142578e+00,-4.266945703124999656e-01,5.773903685601553093e+00,0.000000000000000000e+00,1.840734814386406182e+00,-6.000000000000000000e+00
3.970018625259399414e+00,-4.266945703124999656e-01,5.789243493480409342e+00,0.000000000000000000e+00,1.533982250805099312e+00,-6.000000000000000000e+00
3.980018615722656250e+00,-4.266945703124999656e-01,5.803049320571380676e+00,0.000000000000000000e+00,1.380584025724660435e+00,-6.000000000000000000e+00
3.990018606185913086e+00,-4.266945703124999656e-01,5.813787186086580405e+00,0.000000000000000000e+00,1.073787575563605046e+00,-6.000000000000000000e+00
4.000018596649169922e+00,-4.266945703124999656e-01,5.822991070813893444e+00,0.000000000000000000e+00,9.203893504829885330e-01,-6.000000000000000000e+00
4.010019063949584961e+00,-4.266945703124999656e-01,5.829126993965436654e+00,0.000000000000000000e+00,6.135636432998042844e-01,-6.000000000000000000e+00
4.020018815994262695e+00,-4.266945703124999656e-01,5.833728936329093173e+00,0.000000000000000000e+00,4.602056474096131167e-01,-6.000000000000000000e+00
4.030018568038940430e+00,-4.266945703124999656e-01,5.836796897904864778e+00,0.000000000000000000e+00,3.068037649398012712e-01,-6.000000000000000000e+00
4.040018796920776367e+00,-4.266945703124999656e-01,5.836796897904864778e+00,0.000000000000000000e+00,0.000000000000000000e+00,-6.000000000000000000e+00
4.050019025802612305e+00,-4.266945703124999656e-01,5.835262917116978976e+00,0.000000000000000000e+00,-1.533945678655486700e-01,-6.000000000000000000e+00
4.060019016265869141e+00,-4.266945703124999656e-01,5.832194955541208259e+00,0.000000000000000000e+00,-3.067964501609665717e-01,-6.000000000000000000e+00
4.070019006729125977e+00,-4.266945703124999656e-01,5.826059032389665049e+00,0.000000000000000000e+00,-6.135929003221107791e-01,-6.000000000000000000e+00
4.080018758773803711e+00,-4.266945703124999656e-01,5.816855147662351122e+00,0.000000000000000000e+00,-9.204112948193150512e-01,-6.000000000000000000e+00
4.090019464492797852e+00,-4.266945703124999656e-01,5.806117282147152281e+00,0.000000000000000000e+00,-1.073710777710879638e+00,-6.000000000000000000e+00
4.100019693374633789e+00,-4.266945703124999656e-01,5.793845435844066749e+00,0.000000000000000000e+00,-1.227156542924300542e+00,-6.000000000000000000e+00
4.110020875930786133e+00,-4.266945703124999656e-01,5.778505627965210500e+00,0.000000000000000000e+00,-1.533799407493045663e+00,-6.000000000000000000e+00
4.120020151138305664e+00,-4.266945703124999656e-01,5.760097858510582647e+00,0.000000000000000000e+00,-1.840910373262361066e+00,-6.000000000000000000e+00
4.130019664764404297e+00,-4.266945703124999656e-01,5.740156108268068991e+00,0.000000000000000000e+00,-1.994272020437662274e+00,-6.000000000000000000e+00
4.140019893646240234e+00,-4.266945703124999656e-01,5.718680377237670420e+00,0.000000000000000000e+00,-2.147523950117414593e+00,-6.000000000000000000e+00
4.150019645690917969e+00,-4.266945703124999656e-01,5.692602703843614442e+00,0.000000000000000000e+00,-2.607832001988044546e+00,-6.000000000000000000e+00
4.160019397735595703e+00,-4.266945703124999656e-01,5.664991049661672662e+00,0.000000000000000000e+00,-2.761233884457945376e+00,-6.000000000000000000e+00
4.170019388198852539e+00,-4.266945703124999656e-01,5.634311433903960165e+00,0.000000000000000000e+00,-3.067964501610198624e+00,-6.000000000000000000e+00
4.180019617080688477e+00,-4.266945703124999656e-01,5.602097837358360977e+00,0.000000000000000000e+00,-3.221285925176255560e+00,-6.000000000000000000e+00
4.190019845962524414e+00,-4.266945703124999656e-01,5.565282298449106158e+00,0.000000000000000000e+00,-3.681469628772723546e+00,-6.000000000000000000e+00
4.200019836425781250e+00,-4.266945703124999656e-01,5.525398797964079733e+00,0.000000000000000000e+00,-3.988353852093275975e+00,-6.000000000000000000e+00
4.210019826889038086e+00,-4.266945703124999656e-01,5.482447335903281704e+00,0.000000000000000000e+00,-4.295150302254331365e+00,-6.000000000000000000e+00
4.220019817352294922e+00,-4.266945703124999656e-01,5.436427912266712070e+00,0.000000000000000000e+00,-4.601946752415386754e+00,-6.000000000000000000e+00
4.230019807815551758e+00,-4.266945703124999656e-01,5.385806546266486805e+00,0.000000000000000000e+00,-5.062141427656792203e+00,-6.000000000000000000e+00
4.240019798278808594e+00,-4.266945703124999656e-01,5.332117218690488158e+00,0.000000000000000000e+00,-5.368937877818025228e+00,-6.000000000000000000e+00
4.250020027160644531e+00,-4.266945703124999656e-01,5.273825948750834769e+00,0.000000000000000000e+00,-5.828993578890138139e+00,-6.000000000000000000e+00
4.260019779205322266e+00,-4.266945703124999656e-01,5.212466717235408886e+00,0.000000000000000000e+00,-6.136075298795404365e+00,-6.000000000000000000e+00
4.270020008087158203e+00,-4.266945703124999656e-01,5.146505543356326484e+00,0.000000000000000000e+00,-6.595966418217881433e+00,-6.000000000000000000e+00
4.280020236968994141e+00,-4.266945703124999656e-01,5.075942427113586675e+00,0.000000000000000000e+00,-7.056150121814527942e+00,-6.000000000000000000e+00
4.290019989013671875e+00,-4.266945703124999656e-01,5.000777368507190346e+00,0.000000000000000000e+00,-7.516692241024331977e+00,-6.000000000000000000e+00
4.300020456314086914e+00,-4.266945703124999656e-01,4.921010367537136609e+00,0.000000000000000000e+00,-7.976327362896657114e+00,-6.000000000000000000e+00
4.310020208358764648e+00,-4.266945703124999656e-01,4.836641424203426354e+00,0.000000000000000000e+00,-8.437103535843647251e+00,-6.000000000000000000e+00
4.320020437240600586e+00,-4.266718749999999227e-01,4.749204519293945381e+00,2.269479305745274178e-03,-8.743490368335296026e+00,-6.000000000000000000e+00
4.330020427703857422e+00,-4.266718749999999227e-01,4.655631691232921199e+00,0.000000000000000000e+00,-9.357291729911212386e+00,-6.000000000000000000e+00
4.340020418167114258e+00,-4.266945703124999656e-01,4.555922940020353806e+00,-2.269533414400014097e-03,-9.970884630233323165e+00,-6.000000000000000000e+00
4.350020170211791992e+00,-4.266945703124999656e-01,4.453146227232016585e+00,0.000000000000000000e+00,-1.027792612548218898e+01,-6.000000000000000000e+00
4.360021114349365234e+00,-4.266945703124999656e-01,4.345767572080021068e+00,0.000000000000000000e+00,-1.073685180867846078e+01,-6.000000000000000000e+00
4.370021104812622070e+00,-4.266945703124999656e-01,4.233786974564369920e+00,0.000000000000000000e+00,-1.119807043087727827e+01,-6.000000000000000000e+00
4.380021095275878906e+00,-4.266945703124999656e-01,4.117204434685060477e+00,0.000000000000000000e+00,-1.165826510611895017e+01,-6.000000000000000000e+00
4.390020847320556641e+00,-4.266945703124999656e-01,3.997553933229980760e+00,0.000000000000000000e+00,-1.196534683265096177e+01,-6.000000000000000000e+00
4.400020837783813477e+00,-4.266945703124999656e-01,3.874835470199129439e+00,0.000000000000000000e+00,-1.227185800644092772e+01,-6.000000000000000000e+00
4.410020589828491211e+00,-4.266945703124999656e-01,3.749049045592506957e+00,0.000000000000000000e+00,-1.257895436253052068e+01,-6.000000000000000000e+00
4.420020818710327148e+00,-4.266945703124999656e-01,3.620194659410113314e+00,0.000000000000000000e+00,-1.288514370070471138e+01,-6.000000000000000000e+00
4.430020570755004883e+00,-4.266945703124999656e-01,3.488272311651948066e+00,0.000000000000000000e+00,-1.319256189241007959e+01,-6.000000000000000000e+00
4.440021038055419922e+00,-4.266945703124999656e-01,3.356349963893782817e+00,0.000000000000000000e+00,-1.319161833094441683e+01,-6.000000000000000000e+00
4.450020790100097656e+00,-4.266945703124999656e-01,3.221359654559846408e+00,0.000000000000000000e+00,-1.349936565734983596e+01,-6.000000000000000000e+00
4.460020780563354492e+00,-4.266945703124999656e-01,3.089437306801681160e+00,0.000000000000000000e+00,-1.319224735692400508e+01,-6.000000000000000000e+00
4.470020771026611328e+00,-4.266945703124999656e-01,2.955980978255630554e+00,0.000000000000000000e+00,-1.334564558200448836e+01,-6.000000000000000000e+00
4.480020999908447266e+00,-4.266945703124999656e-01,2.825592611285351108e+00,0.000000000000000000e+00,-1.303853826857026021e+01,-6.000000000000000000e+00
4.490020990371704102e+00,-4.266945703124999656e-01,2.696738225102957021e+00,0.000000000000000000e+00,-1.288545090676299409e+01,-6.000000000000000000e+00
4.500020980834960938e+00,-4.266945703124999656e-01,2.570951800496334538e+00,0.000000000000000000e+00,-1.257865445660193870e+01,-6.000000000000000000e+00
4.510020971298217773e+00,-4.266945703124999656e-01,2.448233337465483217e+00,0.000000000000000000e+00,-1.227185800644092772e+01,-6.000000000000000000e+00
4.520021200180053711e+00,-4.266718749999999227e-01,2.327048855222517698e+00,2.269479305745274178e-03,-1.211817086137705601e+01,-6.000000000000000000e+00
4.530021429061889648e+00,-4.266718749999999227e-01,2.212000296131094501e+00,0.000000000000000000e+00,-1.150459258991495126e+01,-6.000000000000000000e+00
4.540021181106567383e+00,-4.266718749999999227e-01,2.098485717827557107e+00,0.000000000000000000e+00,-1.135173930277144905e+01,-6.000000000000000000e+00
4.550021648406982422e+00,-4.266718749999999227e-01,1.989573081887676675e+00,0.000000000000000000e+00,-1.089075466857037178e+01,-6.000000000000000000e+00
4.560021162033081055e+00,-4.266718749999999227e-01,1.885262388311452986e+00,0.000000000000000000e+00,-1.043157672228915267e+01,-6.000000000000000000e+00
4.570021629333496094e+00,-4.266718749999999227e-01,1.784019656311000679e+00,0.000000000000000000e+00,-1.012380011444570549e+01,-6.000000000000000000e+00
4.580021619796752930e+00,-4.266945703124999656e-01,1.688912847462090916e+00,-2.269533414400014097e-03,-9.510689954991716988e+00,-6.000000000000000000e+00
4.590021848678588867e+00,-4.266945703124999656e-01,1.598407980976838116e+00,0.000000000000000000e+00,-9.050279504066416791e+00,-6.000000000000000000e+00
4.600021362304687500e+00,-4.266945703124999656e-01,1.512505056855242280e+00,0.000000000000000000e+00,-8.590710241885169296e+00,-5.669302451130239895e+00
4.610021352767944336e+00,-4.266945703124999656e-01,1.440407959824617112e+00,0.000000000000000000e+00,-7.209716578784046703e+00,-6.000000000000000000e+00
4.620021581649780273e+00,-4.266945703124999656e-01,1.363708920430334981e+00,0.000000000000000000e+00,-7.669728393276633582e+00,-5.674457346770219068e+00
4.630021333694458008e+00,-4.266945703124999656e-01,1.291611823399709813e+00,0.000000000000000000e+00,-7.209888476084575615e+00,-5.778669576029869859e+00
4.640022039413452148e+00,-4.266945703124999656e-01,1.224116668732741608e+00,0.000000000000000000e+00,-6.749039174183078416e+00,-6.000000000000000000e+00
4.650021553039550781e+00,-4.266945703124999656e-01,1.156621514065773404e+00,0.000000000000000000e+00,-6.749843761481209903e+00,-2.927603015685472432e+00
4.660022258758544922e+00,-4.266718749999999227e-01,1.104466167277661448e+00,2.269371096175553694e-03,-5.215166634596031692e+00,-6.000000000000000000e+00
4.670022010803222656e+00,-4.266718749999999227e-01,1.050776839701664134e+00,0.000000000000000000e+00,-5.369065886445945068e+00,-6.000000000000000000e+00
4.680021762847900391e+00,-4.267172656249999529e-01,9.970875121256668194e-01,-4.539175051264287414e-03,-5.369065886445945068e+00,-5.936474482738375080e+00
4.690021753311157227e+00,-4.267399609374999403e-01,9.510680884890976294e-01,-2.269533414394462982e-03,-4.601946752415342345e+00,-6.000000000000000000e+00
4.700021982192993164e+00,-4.267172656249999529e-01,9.096506072161854028e-01,2.269479305739723063e-03,-4.141653332369370055e+00,-6.000000000000000000e+00
4.710022449493408203e+00,-4.266945703124999656e-01,8.713010875190443372e-01,2.269425199664964945e-03,-3.834772770623377180e+00,-6.000000000000000000e+00
4.720023393630981445e+00,-4.266945703124999656e-01,8.375535101855602349e-01,0.000000000000000000e+00,-3.374439139870353266e+00,-6.000000000000000000e+00
4.730023622512817383e+00,-4.267172656249999529e-01,8.084078752157330960e-01,-2.269479305739723063e-03,-2.914496789445113478e+00,-6.000000000000000000e+00
4.740022420883178711e+00,-4.267172656249999529e-01,7.807962210337913156e-01,0.000000000000000000e+00,-2.761497247888195172e+00,-6.000000000000000000e+00
4.750022888183593750e+00,-4.266945703124999656e-01,7.547185476397353376e-01,2.269425199664964945e-03,-2.607645484023902060e+00,-6.000000000000000000e+00
4.760022163391113281e+00,-4.266945703124999656e-01,7.363107781851079281e-01,0.000000000000000000e+00,-1.840910373262316657e+00,-6.000000000000000000e+00
4.770022630691528320e+00,-4.266945703124999656e-01,7.179030087304800745e-01,0.000000000000000000e+00,-1.840690929899235329e+00,-6.000000000000000000e+00
4.780022144317626953e+00,-4.266945703124999656e-01,7.040971816395091842e-01,0.000000000000000000e+00,-1.380649860302986864e+00,-6.000000000000000000e+00
4.790022373199462891e+00,-4.266945703124999656e-01,6.918253353364240965e-01,0.000000000000000000e+00,-1.227156542924256133e+00,-6.000000000000000000e+00
4.800023317337036133e+00,-4.266945703124999656e-01,6.826214506091101697e-01,0.000000000000000000e+00,-9.203015836010134398e-01,-6.000000000000000000e+00
4.810033559799194336e+00,-4.266945703124999656e-01,6.780195082454532063e-01,0.000000000000000000e+00,-4.597233664472885062e-01,-6.000000000000000000e+00
4.820023298263549805e+00,-4.266945703124999656e-01,6.749515466696820454e-01,0.000000000000000000e+00,-3.071113009332525623e-01,-6.000000000000000000e+00
4.830024242401123047e+00,-4.266945703124999656e-01,6.764855274575678479e-01,0.000000000000000000e+00,1.533835972668503855e-01,-6.000000000000000000e+00
4.840023756027221680e+00,-4.266945703124999656e-01,6.795534890333390088e-01,0.000000000000000000e+00,3.068110800673156113e-01,-6.000000000000000000e+00
4.850023269653320312e+00,-4.266945703124999656e-01,6.856894121848817747e-01,0.000000000000000000e+00,6.136221601346756316e-01,-6.000000000000000000e+00
4.860024452209472656e+00,-4.266945703124999656e-01,6.964272777000810599e-01,0.000000000000000000e+00,1.073659585245123171e+00,-6.000000000000000000e+00
4.870024442672729492e+00,-4.266945703124999656e-01,7.071651432152807892e-01,0.000000000000000000e+00,1.073787575563605046e+00,-6.000000000000000000e+00
4.880023956298828125e+00,-4.266945703124999656e-01,7.225049510941370379e-01,0.000000000000000000e+00,1.534055400336622466e+00,-6.000000000000000000e+00
4.890023946762084961e+00,-4.266945703124999656e-01,7.439806821245360524e-01,0.000000000000000000e+00,2.147575151127165682e+00,-6.000000000000000000e+00
4.900023937225341797e+00,-4.266945703124999656e-01,7.654564131549350670e-01,0.000000000000000000e+00,2.147575151127165682e+00,-6.000000000000000000e+00
4.910022974014282227e+00,-4.266945703124999656e-01,7.884661249732194399e-01,0.000000000000000000e+00,2.301192835267350745e+00,-6.000000000000000000e+00
4.920022964477539062e+00,-4.266945703124999656e-01,8.206797215188181838e-01,0.000000000000000000e+00,3.221362726690770728e+00,-6.000000000000000000e+00
4.930023908615112305e+00,-4.266945703124999656e-01,8.482913757007595201e-01,0.000000000000000000e+00,2.760904750802996244e+00,-6.000000000000000000e+00
4.940022945404052734e+00,-4.266945703124999656e-01,8.881748761857863883e-01,0.000000000000000000e+00,3.988734247796803079e+00,-6.000000000000000000e+00
4.950023412704467773e+00,-4.266945703124999656e-01,9.234564343071558490e-01,0.000000000000000000e+00,3.527990948973475316e+00,-6.000000000000000000e+00
4.960025787353515625e+00,-4.266945703124999656e-01,9.664078963679538781e-01,0.000000000000000000e+00,4.294126501738931623e+00,-6.000000000000000000e+00
4.970023155212402344e+00,-4.266945703124999656e-01,1.013961300792408871e+00,0.000000000000000000e+00,4.756592444698780398e+00,-6.000000000000000000e+00
4.980023622512817383e+00,-4.266945703124999656e-01,1.064582666792635024e+00,0.000000000000000000e+00,5.061900057222852745e+00,-6.000000000000000000e+00
4.990023612976074219e+00,-4.266945703124999656e-01,1.119805975156518141e+00,0.000000000000000000e+00,5.522336102898419696e+00,-6.000000000000000000e+00
5.000023603439331055e+00,-4.266945703124999656e-01,1.184233168247714962e+00,0.000000000000000000e+00,6.442725453381474843e+00,-6.000000000000000000e+00
5.010023593902587891e+00,-4.266945703124999656e-01,1.242524438187369240e+00,0.000000000000000000e+00,5.829132553059430677e+00,-6.000000000000000000e+00
5.020024061203002930e+00,-4.266945703124999656e-01,1.310019592854337667e+00,0.000000000000000000e+00,6.749200076297158901e+00,-6.000000000000000000e+00
5.030024290084838867e+00,-4.266945703124999656e-01,1.391320574612276539e+00,0.000000000000000000e+00,8.129912096873212590e+00,-6.000000000000000000e+00
5.040024995803833008e+00,-4.266945703124999656e-01,1.460349710067130324e+00,0.000000000000000000e+00,6.902426428141779091e+00,-6.000000000000000000e+00
5.050025224685668945e+00,-4.266945703124999656e-01,1.550854576552383124e+00,0.000000000000000000e+00,9.050279504066416791e+00,-6.000000000000000000e+00
5.060024261474609375e+00,-4.266945703124999656e-01,1.638291481461864763e+00,0.000000000000000000e+00,8.744532774016034793e+00,-6.000000000000000000e+00
5.070023536682128906e+00,-4.266945703124999656e-01,1.721126444007689438e+00,0.000000000000000000e+00,8.284096679680558850e+00,-6.000000000000000000e+00
5.080023527145385742e+00,-4.267172656249999529e-01,1.817767233644484781e+00,-2.269533414394462982e-03,9.664088180072223366e+00,-6.000000000000000000e+00
5.090024709701538086e+00,-4.267172656249999529e-01,1.919009965644937088e+00,0.000000000000000000e+00,1.012307608945420867e+01,-6.000000000000000000e+00
5.100023746490478516e+00,-4.267172656249999529e-01,2.035592505524245865e+00,0.000000000000000000e+00,1.165937703202137143e+01,-6.000000000000000000e+00
5.110024213790893555e+00,-4.266945703124999656e-01,2.135301256736812370e+00,2.269425199664964945e-03,9.970409203620754113e+00,-6.000000000000000000e+00
5.120023727416992188e+00,-4.266945703124999656e-01,2.259553700555549494e+00,0.000000000000000000e+00,1.242584874272679230e+01,-6.000000000000000000e+00
5.130023956298828125e+00,-4.266945703124999656e-01,2.377670221222743852e+00,0.000000000000000000e+00,1.181138172564600275e+01,-6.000000000000000000e+00
5.140023946762084961e+00,-4.266945703124999656e-01,2.485048876374738924e+00,0.000000000000000000e+00,1.073787575563582841e+01,-6.000000000000000000e+00
5.150024175643920898e+00,-4.266945703124999656e-01,2.621573166496560692e+00,0.000000000000000000e+00,1.365211654003236497e+01,-6.000000000000000000e+00
5.160024166107177734e+00,-4.266945703124999656e-01,2.747359591103183174e+00,0.000000000000000000e+00,1.257865445660193870e+01,-6.000000000000000000e+00
5.170024156570434570e+00,-4.266945703124999656e-01,2.874679996497691459e+00,0.000000000000000000e+00,1.273205268168246640e+01,-6.000000000000000000e+00
